{
  "timestamp": "2026-03-18T20:05:05.717409",
  "success": true,
  "errors": [],
  "metadata": {
    "filename": "sample_2d_hires.sgy",
    "num_traces": 50,
    "num_samples": 2000,
    "sample_interval_ms": 1.0,
    "format": 1
  },
  "data_shape": [
    50,
    2000
  ],
  "qc_metrics": {
    "pass_qc": true,
    "missing_samples": 0,
    "dead_traces": 0,
    "amplitude_range": [
      -0.22304540872573853,
      1.1744375228881836
    ],
    "signal_to_noise": 2.768596887588501
  },
  "statistics": {
    "mean": 0.04594014957547188,
    "std": 0.2078990638256073,
    "min": -0.22304540872573853,
    "max": 1.1744375228881836,
    "rms": 0.2129143476486206
  }
}